Order_Date,Revenue,Profit,Quantity,Orders
2022-01-01,4719115.75,2112809.95,3745,639
2022-01-02,4164808.1799999997,1818532.46,3420,598
2022-01-03,4372906.72,1901150.15,3533,586
2022-01-04,4376536.13,1909164.53,3665,644
2022-01-05,4477778.75,1963853.14,3706,629
2022-01-06,4715928.1899999995,2041827.88,3682,634
2022-01-07,4428941.24,1969091.11,3494,621
2022-01-08,4251167.79,1909854.26,3425,594
2022-01-09,4906979.0,2163202.19,3818,668
2022-01-10,4217242.99,1806530.9,3520,627
2022-01-11,4921293.13,2104185.92,3880,636
2022-01-12,4814100.03,2115266.63,3717,638
2022-01-13,4317844.59,1930593.72,3541,613
2022-01-14,5007911.96,2218917.33,3951,668
2022-01-15,4299556.1,1932331.98,3361,601
2022-01-16,4614659.1,2002820.17,3756,613
2022-01-17,4389416.72,1925935.82,3617,623
2022-01-18,4514594.91,1941060.25,3648,600
2022-01-19,4498046.2,1971023.31,3772,622
2022-01-20,4195764.1899999995,1880408.22,3577,620
2022-01-21,4023682.0,1733226.6,3492,624
2022-01-22,4919890.6,2190717.54,3642,626
2022-01-23,4692086.8100000005,2055795.53,3675,617
2022-01-24,4565909.48,2006728.14,3585,621
2022-01-25,4501232.78,1967963.88,3701,644
2022-01-26,4625572.53,1988977.82,3829,633
2022-01-27,4902728.27,2147397.93,3975,674
2022-01-28,3870321.71,1711294.27,3108,556
2022-01-29,4202752.08,1852803.68,3451,621
2022-01-30,4229210.3,1855186.12,3561,608
2022-01-31,4117233.26,1873781.57,3338,591
2022-02-01,4374347.9399999995,1909986.27,3558,623
2022-02-02,4521494.61,1930777.13,3607,614
2022-02-03,4150021.05,1846689.52,3598,594
2022-02-04,4448417.85,1946182.5899999999,3518,595
2022-02-05,4025574.21,1736779.12,3500,587
2022-02-06,4613984.390000001,2029116.6400000001,3652,619
2022-02-07,4400285.74,1885707.6,3527,596
2022-02-08,4336378.21,1905819.54,3707,644
2022-02-09,4643985.51,2026824.0699999998,3680,627
2022-02-10,4532719.5,2038655.73,3771,632
2022-02-11,4468700.37,1907922.94,3540,602
2022-02-12,4381403.0,1937391.09,3503,621
2022-02-13,4930792.48,2244150.15,3773,632
2022-02-14,4784930.12,2094117.18,3783,646
2022-02-15,4729697.64,2101973.23,3577,619
2022-02-16,4168591.0,1819528.87,3721,641
2022-02-17,4791617.48,2144840.23,3818,652
2022-02-18,4406552.14,1932726.41,3500,602
2022-02-19,4189657.4299999997,1857614.56,3404,621
2022-02-20,4705055.54,2133879.2600000002,3581,644
2022-02-21,4672362.7,2074060.88,3668,612
2022-02-22,3969386.6,1760782.98,3316,573
2022-02-23,4545247.0600000005,2012196.39,3773,664
2022-02-24,4594295.02,1976272.75,3695,647
2022-02-25,4138714.1,1811799.56,3715,632
2022-02-26,4333045.71,1912048.6400000001,3739,648
2022-02-27,3803593.5,1650430.63,3333,599
2022-02-28,4552966.99,1978303.79,3490,583
2022-03-01,4272243.39,1831162.91,3512,594
2022-03-02,4208457.01,1810946.12,3347,574
2022-03-03,4429565.42,1876682.69,3816,634
2022-03-04,3946966.95,1710280.34,3503,611
2022-03-05,4680351.12,2030697.3399999999,3775,657
2022-03-06,4588073.720000001,1999122.79,3655,631
2022-03-07,4205409.21,1810872.1600000001,3530,620
2022-03-08,4144418.98,1800881.88,3676,622
2022-03-09,4761760.77,2141955.95,3723,638
2022-03-10,4024780.19,1727192.28,3194,554
2022-03-11,4171036.4299999997,1834778.49,3277,579
2022-03-12,4134962.66,1824349.28,3536,632
2022-03-13,4197006.31,1838679.98,3356,552
2022-03-14,4488188.07,1966145.7,3616,615
2022-03-15,4519609.529999999,1945545.06,3746,625
2022-03-16,4640604.890000001,2012278.1199999999,3526,605
2022-03-17,4564676.4399999995,1972360.8399999999,3638,604
2022-03-18,4155796.92,1775858.58,3397,570
2022-03-19,4084909.68,1752888.35,3492,612
2022-03-20,4214305.42,1839306.1,3470,583
2022-03-21,4636132.36,2044465.54,3545,603
2022-03-22,4761621.22,2085145.95,3712,626
2022-03-23,4181152.9,1805451.78,3531,613
2022-03-24,4088175.8200000003,1817034.6800000002,3389,597
2022-03-25,3979488.65,1723981.47,3242,586
2022-03-26,4575189.95,1969821.31,3644,612
2022-03-27,4817584.37,2141805.38,3571,614
2022-03-28,4345393.75,1957845.72,3479,599
2022-03-29,3919144.19,1704494.96,3449,596
2022-03-30,4277926.71,1814573.22,3602,617
2022-03-31,4480984.83,1955931.77,3687,625
2022-04-01,4326416.95,1968859.37,3579,615
2022-04-02,4245592.09,1912608.01,3465,606
2022-04-03,4590857.88,2001529.27,3624,624
2022-04-04,4288638.93,1853702.41,3563,627
2022-04-05,4851925.359999999,2153868.84,3830,645
2022-04-06,4223916.65,1825231.2999999998,3441,601
2022-04-07,4357246.71,1963122.6099999999,3407,581
2022-04-08,4472781.38,1941151.85,3612,603
2022-04-09,4470372.17,1954087.38,3754,675
2022-04-10,4564187.71,1956659.1400000001,3713,644
2022-04-11,5270758.29,2271168.84,3895,650
2022-04-12,4445065.21,1961450.6,3615,618
2022-04-13,4570816.64,1970081.87,3545,605
2022-04-14,3736736.67,1621927.57,3273,577
2022-04-15,3988551.34,1769378.47,3425,569
2022-04-16,4399840.1899999995,1898548.34,3578,606
2022-04-17,4434783.12,1936072.8199999998,3480,605
2022-04-18,4523833.69,1969259.31,3635,634
2022-04-19,4547848.76,1989988.69,3367,600
2022-04-20,4346819.95,1905447.8,3687,646
2022-04-21,5064833.13,2207763.48,3876,662
2022-04-22,4115318.1100000003,1839115.25,3329,589
2022-04-23,4471319.22,1923980.45,3579,606
2022-04-24,4709544.96,2055906.97,3770,652
2022-04-25,4849490.7700000005,2062574.4900000002,3702,640
2022-04-26,4632983.94,2061551.8699999999,3608,617
2022-04-27,4715680.53,2031419.06,3619,623
2022-04-28,4729683.92,2113385.08,3822,630
2022-04-29,5431429.56,2382532.94,4173,699
2022-04-30,4600515.16,2033383.05,3678,618
2022-05-01,4717630.52,2058066.22,3690,641
2022-05-02,4469026.43,1980198.44,3689,627
2022-05-03,4326367.35,1870260.2,3528,603
2022-05-04,4309411.86,1904704.18,3705,636
2022-05-05,4623786.0600000005,2059007.09,3739,626
2022-05-06,4638872.84,2038002.25,3702,632
2022-05-07,4322731.41,1900511.53,3683,630
2022-05-08,4749763.98,2141389.64,3697,632
2022-05-09,4654296.08,2032269.13,3742,659
2022-05-10,4247166.33,1828539.48,3563,596
2022-05-11,4608758.29,1995463.7,3923,646
2022-05-12,5038053.98,2205507.15,3922,664
2022-05-13,4303624.17,1925565.83,3508,602
2022-05-14,4568253.11,2024996.54,3658,624
2022-05-15,4306489.69,1882424.11,3551,609
2022-05-16,4785025.12,2073626.65,3699,634
2022-05-17,4500279.3,1979565.0,3457,604
2022-05-18,4765021.03,2082790.51,3758,636
2022-05-19,4368861.8100000005,1919441.8,3568,616
2022-05-20,4412377.64,1937121.1600000001,3627,605
2022-05-21,4233117.26,1882893.67,3582,613
2022-05-22,4455335.79,1949630.3699999999,3244,568
2022-05-23,4700613.15,2036263.52,3971,679
2022-05-24,4649712.79,2083634.84,3566,632
2022-05-25,4694649.9,2048573.04,3636,617
2022-05-26,4544197.1,1976626.49,3543,613
2022-05-27,3766839.84,1604728.62,3301,587
2022-05-28,4582646.45,2044216.47,3673,630
2022-05-29,4739172.47,2119458.21,3660,642
2022-05-30,4707203.32,2118805.57,3730,638
2022-05-31,5228969.38,2336554.0700000003,3966,679
2022-06-01,4892620.23,2114635.41,3662,611
2022-06-02,4524157.53,1980935.96,3638,606
2022-06-03,4214974.7,1777691.31,3493,615
2022-06-04,4327061.13,1893615.9,3330,594
2022-06-05,4402641.9,1871162.06,3448,599
2022-06-06,4135449.1,1760727.88,3449,590
2022-06-07,4049910.2,1840533.04,3217,565
2022-06-08,4825006.07,2063300.25,3665,631
2022-06-09,4468869.55,1993958.87,3463,605
2022-06-10,4591594.64,2055672.77,3581,614
2022-06-11,4550743.48,1963088.95,3531,625
2022-06-12,4296600.51,1867640.4200000002,3352,580
2022-06-13,4574992.47,2021290.8,3701,626
2022-06-14,4434095.64,1924148.94,3485,603
2022-06-15,4117985.59,1768966.81,3666,648
2022-06-16,4641186.51,2035292.55,3678,643
2022-06-17,4306228.03,1947307.32,3430,581
2022-06-18,4765552.54,2087050.76,3835,636
2022-06-19,4806520.95,2115579.71,3546,595
2022-06-20,4714828.26,2075918.01,3699,649
2022-06-21,4667243.23,2067123.37,3882,661
2022-06-22,4636706.26,2074266.68,3558,642
2022-06-23,4733084.11,2025577.68,3788,614
2022-06-24,4371266.57,1906357.9,3455,605
2022-06-25,5051823.9399999995,2217937.12,3923,644
2022-06-26,4333662.52,1929768.48,3559,612
2022-06-27,4317325.03,1901064.6199999999,3629,595
2022-06-28,4319948.76,1894453.1,3549,621
2022-06-29,4488207.9,1989248.78,3403,599
2022-06-30,4498905.970000001,1966997.8,3784,644
2022-07-01,4799559.9,2087771.35,3972,652
2022-07-02,4231720.76,1800609.38,3571,610
2022-07-03,3917320.84,1677461.19,3355,569
2022-07-04,4771487.5,2107629.64,3533,600
2022-07-05,4492046.51,1937017.23,3638,633
2022-07-06,4047307.1799999997,1773588.08,3692,626
2022-07-07,4515794.55,1928996.12,3726,641
2022-07-08,4675016.37,2038793.19,3766,641
2022-07-09,4492850.31,1998299.35,3689,644
2022-07-10,4531596.140000001,1961168.43,3503,610
2022-07-11,4263897.03,1826450.48,3518,621
2022-07-12,4249817.24,1864456.6800000002,3444,602
2022-07-13,4373253.2,1910012.33,3624,596
2022-07-14,4331733.29,1875998.56,3650,632
2022-07-15,4555965.15,1963789.1,3890,671
2022-07-16,4210647.96,1879633.75,3361,593
2022-07-17,4451484.05,1943117.5499999998,3537,610
2022-07-18,4192749.49,1806020.31,3418,599
2022-07-19,4691809.6,2086289.67,3681,625
2022-07-20,4138460.0700000003,1841488.8499999999,3408,603
2022-07-21,4308364.83,1887609.31,3604,628
2022-07-22,4509409.03,2014705.19,3515,608
2022-07-23,4682175.41,2057321.95,3629,597
2022-07-24,4389855.4399999995,1929476.16,3489,600
2022-07-25,4321539.99,1955590.79,3290,614
2022-07-26,4492818.27,1987409.92,3347,591
2022-07-27,4561851.62,1984211.76,3609,634
2022-07-28,4347045.65,1902846.22,3618,635
2022-07-29,4398804.0,1957529.08,3580,620
2022-07-30,4781817.82,2103821.63,3618,603
2022-07-31,4366641.39,1884743.03,3726,646
2022-08-01,4824584.84,2123011.66,3837,648
2022-08-02,4949008.2700000005,2176299.97,3883,637
2022-08-03,4323040.96,1927350.55,3356,607
2022-08-04,4160401.7600000002,1791769.3900000001,3526,611
2022-08-05,4621540.640000001,1953722.34,3767,658
2022-08-06,4140539.25,1776593.9700000002,3331,582
2022-08-07,4424415.59,1929035.06,3468,611
2022-08-08,5043842.73,2162574.64,3825,665
2022-08-09,4624840.57,2022712.35,3737,625
2022-08-10,4355131.92,1935466.26,3392,592
2022-08-11,4549313.76,2038775.82,3488,613
2022-08-12,4650912.32,2069368.6099999999,3709,641
2022-08-13,4640313.899999999,2050610.1600000001,3853,657
2022-08-14,4180026.15,1781728.1600000001,3555,606
2022-08-15,4391226.92,1947370.81,3698,628
2022-08-16,4045421.62,1756967.82,3197,584
2022-08-17,4533450.17,1980092.66,3546,598
2022-08-18,4660142.19,2128314.94,3436,576
2022-08-19,4560145.4,1973912.69,3666,610
2022-08-20,4336367.09,1889298.3399999999,3674,616
2022-08-21,4266007.02,1840301.05,3543,583
2022-08-22,3938177.26,1739193.59,3392,599
2022-08-23,4000905.12,1725603.75,3252,581
2022-08-24,4565926.37,2027995.94,3601,604
2022-08-25,4696880.42,2070693.79,3846,637
2022-08-26,4496902.23,1926423.63,3539,620
2022-08-27,4411345.6899999995,1907887.9,3614,596
2022-08-28,4440165.24,1966015.12,3507,614
2022-08-29,4335575.47,1904607.38,3423,593
2022-08-30,4685507.91,2117799.01,3540,612
2022-08-31,4763809.95,2073978.09,3754,659
2022-09-01,4125804.2199999997,1801897.18,3461,607
2022-09-02,4097819.8200000003,1773798.85,3457,581
2022-09-03,4627087.03,1999282.85,3562,643
2022-09-04,4680794.67,2057628.0,3817,633
2022-09-05,4181210.11,1763427.44,3474,590
2022-09-06,4274095.55,1881263.98,3635,611
2022-09-07,4299862.21,1872149.22,3535,635
2022-09-08,4180170.3,1800780.05,3495,593
2022-09-09,4393583.09,1941784.34,3625,611
2022-09-10,4082483.82,1745519.31,3508,619
2022-09-11,4525748.2,1993817.85,3579,622
2022-09-12,4554721.92,1990033.85,3757,629
2022-09-13,4675519.01,2024372.43,3706,626
2022-09-14,4497484.76,1954460.23,3743,615
2022-09-15,4108431.02,1791432.3900000001,3443,609
2022-09-16,4523333.54,2003317.79,3640,612
2022-09-17,4564575.85,2003944.76,3577,624
2022-09-18,4405235.22,1945924.78,3618,625
2022-09-19,4647772.82,2081605.11,3639,624
2022-09-20,4144780.2,1789273.23,3444,615
2022-09-21,4825421.109999999,2092348.8,3909,649
2022-09-22,4541896.88,1941876.42,3714,650
2022-09-23,4338169.4,1873577.24,3588,610
2022-09-24,4433586.83,1955431.9,3664,656
2022-09-25,4274104.95,1852079.75,3624,628
2022-09-26,4722264.91,2105830.77,3747,632
2022-09-27,4531994.48,1999415.62,3566,608
2022-09-28,4264997.83,1877026.48,3584,641
2022-09-29,4436082.45,1971212.33,3663,635
2022-09-30,3896640.02,1651147.77,3298,573
2022-10-01,4519896.3100000005,1961963.03,3827,677
2022-10-02,4213316.88,1815529.53,3560,613
2022-10-03,4386643.31,1953298.52,3578,614
2022-10-04,4355165.6,1866467.76,3540,596
2022-10-05,4020632.96,1723352.02,3324,580
2022-10-06,4767983.9399999995,2063952.1099999999,3764,675
2022-10-07,4262746.3100000005,1845111.94,3546,626
2022-10-08,4406346.18,1905002.04,3668,607
2022-10-09,4126955.7800000003,1811991.1199999999,3427,598
2022-10-10,4117493.7600000002,1793066.51,3480,590
2022-10-11,4598709.07,2018812.1600000001,3668,636
2022-10-12,4431662.14,1895308.68,3537,598
2022-10-13,4233718.87,1846392.31,3607,602
2022-10-14,4065237.3899999997,1780401.49,3439,583
2022-10-15,4389315.2,1927866.65,3521,609
2022-10-16,4159309.56,1820031.79,3286,562
2022-10-17,4740184.46,2076044.43,3801,654
2022-10-18,4355900.39,1913355.5499999998,3570,633
2022-10-19,4866560.36,2098538.93,3911,652
2022-10-20,5114931.2,2240871.7600000002,3796,660
2022-10-21,4566904.26,1982671.82,3595,610
2022-10-22,4629622.35,1997762.23,3914,656
2022-10-23,4957030.5,2235813.23,3859,647
2022-10-24,4707244.1,2055199.4,3635,622
2022-10-25,4140780.9899999998,1831312.68,3267,570
2022-10-26,5052422.34,2222148.4,3744,643
2022-10-27,4558674.56,1983200.7,3704,639
2022-10-28,4323119.62,1860070.13,3608,621
2022-10-29,4705817.2,2085087.21,3795,654
2022-10-30,4519029.76,1969080.65,3700,639
2022-10-31,4583982.1,2037568.05,3468,594
2022-11-01,4471274.41,1962901.82,3498,618
2022-11-02,4503465.64,1963686.18,3611,619
2022-11-03,5052086.550000001,2219036.31,3944,641
2022-11-04,4294059.2,1883982.69,3513,610
2022-11-05,4440226.12,1930608.3599999999,3623,641
2022-11-06,4672286.36,2046657.7,3742,631
2022-11-07,4841186.81,2163135.11,3927,652
2022-11-08,4809709.3,2158910.2,3876,652
2022-11-09,4238481.890000001,1854105.37,3637,625
2022-11-10,4786729.29,2130823.74,3699,646
2022-11-11,4092446.27,1813491.0,3339,581
2022-11-12,4451158.32,1950884.74,3657,643
2022-11-13,4482304.05,1996574.6400000001,3772,638
2022-11-14,4311202.06,1854621.1300000001,3723,624
2022-11-15,4218736.359999999,1813590.97,3566,602
2022-11-16,4138222.98,1761279.8900000001,3485,607
2022-11-17,4331153.67,1849708.33,3639,607
2022-11-18,4749815.72,2082934.26,3764,630
2022-11-19,4562585.609999999,1935698.92,3820,668
2022-11-20,4219148.43,1807866.9,3502,619
2022-11-21,4907743.08,2192798.92,3856,641
2022-11-22,4305095.73,1838462.44,3326,586
2022-11-23,5003457.04,2187894.05,3800,634
2022-11-24,4359051.109999999,1896956.76,3578,617
2022-11-25,4098028.57,1802753.75,3395,606
2022-11-26,3966059.61,1739204.6800000002,3572,609
2022-11-27,4791176.21,2080764.57,3767,629
2022-11-28,4450073.63,1959136.9,3518,626
2022-11-29,4162080.72,1819980.33,3396,590
2022-11-30,4831779.07,2166957.59,3661,619
2022-12-01,4282599.77,1874013.16,3465,606
2022-12-02,4187703.27,1792906.91,3506,606
2022-12-03,4765593.67,2083233.65,3628,612
2022-12-04,3843712.19,1695893.48,3244,569
2022-12-05,4603625.55,2032149.18,3708,630
2022-12-06,4372946.92,1921486.97,3709,635
2022-12-07,4811376.25,2103437.89,3752,619
2022-12-08,4250908.8,1841878.23,3516,582
2022-12-09,4541655.6,1917035.95,3656,633
2022-12-10,4641656.109999999,2057532.42,3588,586
2022-12-11,4774462.52,2106275.79,3882,648
2022-12-12,4686417.95,2031571.68,3678,638
2022-12-13,4239097.55,1890770.25,3545,621
2022-12-14,4662204.89,2048205.53,3776,653
2022-12-15,4283254.45,1844162.1199999999,3705,614
2022-12-16,4735245.46,2085189.3299999998,3736,646
2022-12-17,4331977.42,1885996.56,3507,616
2022-12-18,4604816.48,2031473.64,3549,616
2022-12-19,4364718.81,1904257.61,3481,608
2022-12-20,4508498.01,1992245.89,3564,606
2022-12-21,4432251.43,1942951.67,3704,623
2022-12-22,4233064.43,1885222.8399999999,3462,613
2022-12-23,4082767.5300000003,1784807.65,3521,612
2022-12-24,4915473.75,2122052.18,3974,687
2022-12-25,4555651.1,2028459.1,3720,623
2022-12-26,4742263.45,2083376.69,3566,611
2022-12-27,4866337.26,2181944.2600000002,3938,649
2022-12-28,4892214.72,2206411.09,3617,648
2022-12-29,4452453.67,1924593.13,3578,637
2022-12-30,4642085.74,2049132.91,3608,649
2022-12-31,4703428.95,2032696.83,3975,660
2023-01-01,4557229.46,2011673.79,3518,616
2023-01-02,4492004.4399999995,1969048.94,3596,605
2023-01-03,4198418.4,1822401.43,3703,605
2023-01-04,4239751.36,1836627.83,3328,563
2023-01-05,4374490.91,1876716.25,3567,611
2023-01-06,4558753.52,1961275.23,3782,634
2023-01-07,4657110.71,2047112.13,3711,623
2023-01-08,4543494.37,1997104.46,3669,638
2023-01-09,4573359.51,1991129.46,3895,669
2023-01-10,4504025.73,2035802.3199999998,3339,592
2023-01-11,4408880.84,1914345.77,3655,605
2023-01-12,4432136.18,1950740.38,3787,633
2023-01-13,4978937.5600000005,2173350.9,3815,640
2023-01-14,4780039.37,2092128.76,3685,602
2023-01-15,4135215.14,1782300.1600000001,3498,590
2023-01-16,3982085.04,1766213.87,3409,595
2023-01-17,4447199.85,2005547.73,3545,639
2023-01-18,4583664.5600000005,1984563.56,3595,630
2023-01-19,4326389.86,1917512.1800000002,3451,596
2023-01-20,4389320.02,1944150.8399999999,3572,630
2023-01-21,4703836.23,2094360.9100000001,3599,603
2023-01-22,4080184.13,1782781.3,3407,606
2023-01-23,4304972.04,1862367.5,3588,608
2023-01-24,3955446.03,1730300.96,3434,608
2023-01-25,4535493.54,1965687.24,3644,647
2023-01-26,4579175.75,2016730.54,3386,587
2023-01-27,4648866.62,2048284.49,3733,632
2023-01-28,4742131.92,2082443.1199999999,3748,651
2023-01-29,4337255.12,1876543.63,3718,616
2023-01-30,4169076.26,1760942.2,3492,584
2023-01-31,4760014.67,2049630.69,3702,622
2023-02-01,4402168.1899999995,1853843.6800000002,3701,633
2023-02-02,4589461.02,2048444.07,3521,632
2023-02-03,4119103.98,1800012.3,3343,574
2023-02-04,4999163.609999999,2145736.63,3788,625
2023-02-05,4690328.48,2048366.84,3780,658
2023-02-06,4641829.8,2032302.4100000001,3611,603
2023-02-07,4239244.5600000005,1865273.1800000002,3483,600
2023-02-08,4182978.75,1826338.42,3511,601
2023-02-09,4206951.74,1843671.6300000001,3423,605
2023-02-10,4108646.88,1866450.29,3450,601
2023-02-11,4434571.77,1912129.0899999999,3588,638
2023-02-12,4354905.53,1953087.02,3502,607
2023-02-13,4519456.75,2041119.74,3654,623
2023-02-14,4643757.76,2095158.57,3687,651
2023-02-15,4671607.04,2108477.42,3574,618
2023-02-16,4378321.24,1928840.55,3564,612
2023-02-17,4212500.8,1787780.9100000001,3639,623
2023-02-18,4385503.51,1925922.53,3628,623
2023-02-19,5007263.87,2215113.39,3818,657
2023-02-20,4208772.6899999995,1854165.47,3466,616
2023-02-21,4521839.82,1962999.48,3706,655
2023-02-22,4714829.05,2095337.28,3722,655
2023-02-23,4799661.51,2145613.51,3808,631
2023-02-24,4620058.390000001,2021389.4,3480,601
2023-02-25,4825843.73,2111786.02,3684,628
2023-02-26,4439557.67,1932656.93,3587,644
2023-02-27,4652871.13,2036029.6400000001,3702,641
2023-02-28,4725490.23,2090917.81,3781,654
2023-03-01,4622330.53,1968369.09,3663,633
2023-03-02,4454040.75,1990259.83,3599,628
2023-03-03,4549221.79,2031214.48,3698,617
2023-03-04,4224085.09,1870410.01,3458,588
2023-03-05,5046731.609999999,2264774.09,3878,634
2023-03-06,4410395.390000001,1964228.13,3440,615
2023-03-07,4380039.68,1967309.97,3558,610
2023-03-08,4244762.01,1882207.3599999999,3525,607
2023-03-09,4301411.83,1901275.28,3453,604
2023-03-10,4405258.54,1938677.42,3562,614
2023-03-11,4592955.6,2024846.71,3760,637
2023-03-12,4700299.25,2068414.1,3828,655
2023-03-13,5428617.7299999995,2425702.05,4143,681
2023-03-14,4932286.73,2183647.44,3816,653
2023-03-15,4328152.93,1904138.94,3685,627
2023-03-16,4857679.5600000005,2108767.85,3813,646
2023-03-17,4690187.14,2023277.23,3592,636
2023-03-18,4295374.35,1887743.43,3691,646
2023-03-19,4633110.32,2033451.33,3711,629
2023-03-20,4217228.49,1833992.47,3502,621
2023-03-21,4423720.94,1919644.8399999999,3721,636
2023-03-22,4223067.47,1815609.6,3412,598
2023-03-23,4151603.09,1804485.74,3515,606
2023-03-24,4434851.01,1969579.33,3735,651
2023-03-25,3987073.26,1736455.64,3461,594
2023-03-26,4282335.37,1893137.08,3466,614
2023-03-27,4844425.03,2123842.61,3851,659
2023-03-28,4845082.4,2090076.25,3654,616
2023-03-29,4847712.3,2106082.35,3773,646
2023-03-30,4950062.83,2150257.54,3717,635
2023-03-31,4252075.24,1836923.92,3666,635
2023-04-01,4471666.99,1962371.8599999999,3564,643
2023-04-02,4787095.5,2119079.68,3714,636
2023-04-03,4570915.38,1973717.98,3798,637
2023-04-04,4509159.65,1928464.23,3577,607
2023-04-05,4660391.32,2088300.6300000001,3670,610
2023-04-06,4135304.2800000003,1772543.65,3461,601
2023-04-07,4346649.11,1916073.06,3639,608
2023-04-08,4546072.06,1963519.06,3600,661
2023-04-09,4155036.6,1812277.1199999999,3407,588
2023-04-10,4520588.23,2001007.75,3584,636
2023-04-11,4298481.67,1851030.47,3506,598
2023-04-12,4779849.3100000005,2118683.4,3671,611
2023-04-13,4384626.6,1931276.36,3570,620
2023-04-14,3701996.04,1624905.42,3315,584
2023-04-15,4833517.73,2128990.59,3723,626
2023-04-16,4554423.18,2009854.23,3760,634
2023-04-17,4850211.42,2136153.5700000003,3661,617
2023-04-18,4643748.01,2064628.03,3544,619
2023-04-19,4578269.73,1929531.6,3862,636
2023-04-20,4655158.59,2038620.08,3783,639
2023-04-21,4372178.63,1910214.41,3467,598
2023-04-22,4472281.9,1954547.1099999999,3590,611
2023-04-23,4358422.37,1901604.92,3725,630
2023-04-24,4535267.65,2032587.63,3477,608
2023-04-25,3792357.98,1625430.63,3391,605
2023-04-26,5208156.49,2285666.58,3871,655
2023-04-27,4504359.32,1927685.97,3597,638
2023-04-28,4301394.86,1879536.74,3534,594
2023-04-29,4634815.84,2017505.19,3782,650
2023-04-30,4810615.97,2119306.19,3906,640
2023-05-01,4569089.4,2037056.54,3558,607
2023-05-02,4837933.74,2148862.2199999997,3532,603
2023-05-03,4433001.43,1939974.74,3560,620
2023-05-04,4375880.13,1915830.55,3548,600
2023-05-05,4346092.29,1883444.63,3485,589
2023-05-06,4861031.04,2133575.04,3666,634
2023-05-07,4787528.87,2111873.46,3657,623
2023-05-08,4312215.1,1911141.83,3460,606
2023-05-09,4139402.2,1770149.76,3419,606
2023-05-10,4146219.22,1801530.98,3379,588
2023-05-11,4515163.83,2034420.48,3565,601
2023-05-12,4591204.29,1987283.74,3857,661
2023-05-13,4087564.83,1801026.49,3324,555
2023-05-14,4349528.72,1915794.77,3462,579
2023-05-15,4495187.13,1989479.9300000002,3728,630
2023-05-16,4588047.73,2052180.21,3657,624
2023-05-17,4418298.8,1919922.54,3782,651
2023-05-18,4861120.66,2147953.2,3529,604
2023-05-19,4025092.84,1733755.96,3370,601
2023-05-20,3931108.92,1706579.43,3304,575
2023-05-21,4187305.79,1804795.2,3479,611
2023-05-22,4392264.63,1933369.02,3609,620
2023-05-23,4310130.29,1851709.78,3405,580
2023-05-24,4556927.1899999995,2028917.03,3779,646
2023-05-25,3778517.71,1661817.68,3349,587
2023-05-26,3736046.8200000003,1608843.08,3341,579
2023-05-27,5006181.35,2217008.2,3754,638
2023-05-28,4251331.3,1889640.8,3562,579
2023-05-29,4609455.12,1978290.73,3728,627
2023-05-30,4976504.49,2209923.17,3825,641
2023-05-31,4447790.5200000005,1953381.58,3592,622
2023-06-01,4573874.51,1979797.95,3728,649
2023-06-02,4498992.07,1986510.3199999998,3475,605
2023-06-03,4821043.34,2167700.3,3749,637
2023-06-04,4273299.22,1850309.48,3486,598
2023-06-05,4236824.9,1833113.6400000001,3197,538
2023-06-06,4807660.76,2095704.77,3873,640
2023-06-07,3844625.38,1701785.98,3230,565
2023-06-08,3959103.84,1703492.12,3353,568
2023-06-09,4251063.16,1824192.77,3632,642
2023-06-10,4517853.63,1988549.37,3666,641
2023-06-11,4635870.53,2075272.25,3708,639
2023-06-12,4380987.68,1903041.2,3565,626
2023-06-13,4557037.47,2005428.25,3687,607
2023-06-14,4756091.6,2080809.88,3641,630
2023-06-15,4658592.82,2030917.72,3787,652
2023-06-16,3952687.42,1665013.23,3353,590
2023-06-17,4761253.8100000005,2115396.15,3746,647
2023-06-18,4135015.13,1806337.32,3438,578
2023-06-19,4507394.04,1956841.73,3663,624
2023-06-20,4556164.63,2020972.12,3414,572
2023-06-21,4246909.65,1810546.4,3489,608
2023-06-22,4102122.41,1769011.07,3472,613
2023-06-23,4838766.52,2077580.4500000002,3823,658
2023-06-24,4574278.53,1974965.3,3473,602
2023-06-25,4144161.02,1857950.62,3268,592
2023-06-26,4656585.25,2121710.27,3613,624
2023-06-27,4509565.54,1947816.92,3491,626
2023-06-28,3985690.43,1711738.3,3413,569
2023-06-29,4869484.880000001,2144820.31,3904,660
2023-06-30,3794264.3600000003,1592655.3599999999,3200,542
2023-07-01,4001499.0,1754985.3900000001,3377,590
2023-07-02,4634364.35,2012228.69,3688,639
2023-07-03,4657046.35,2018861.65,3800,649
2023-07-04,4775402.2,2109988.0,3786,635
2023-07-05,4259674.34,1843397.63,3661,630
2023-07-06,4389826.1,1929501.51,3625,620
2023-07-07,4356535.45,1893290.8,3662,635
2023-07-08,4237782.76,1886356.7999999998,3395,605
2023-07-09,4139667.27,1759382.6400000001,3534,646
2023-07-10,4452010.779999999,1976207.81,3668,631
2023-07-11,4221114.82,1776657.84,3587,635
2023-07-12,4346312.51,1962211.0,3633,647
2023-07-13,4569659.09,2016982.99,3796,646
2023-07-14,4700682.6,2057724.24,3620,612
2023-07-15,4404366.76,1862704.4,3791,633
2023-07-16,4359028.37,1902705.9100000001,3524,596
2023-07-17,4396553.25,1902672.2,3405,604
2023-07-18,4644193.74,2056350.37,3481,605
2023-07-19,4342180.92,1881393.1,3348,580
2023-07-20,4456880.55,1915565.75,3741,636
2023-07-21,4622932.13,2073249.75,3562,595
2023-07-22,4355468.91,1900131.09,3713,632
2023-07-23,4446295.57,1977337.53,3571,595
2023-07-24,4362248.88,1863591.34,3572,598
2023-07-25,4148403.4,1861888.72,3337,594
2023-07-26,4472908.27,1981645.5899999999,3849,663
2023-07-27,4597450.52,2033092.05,3734,652
2023-07-28,4308486.85,1884625.3599999999,3395,613
2023-07-29,4436995.09,1929472.75,3720,641
2023-07-30,4350702.12,1952927.48,3541,614
2023-07-31,4854791.0,2107463.36,3834,665
2023-08-01,4318087.98,1875472.68,3699,641
2023-08-02,4561804.54,1960750.01,3589,607
2023-08-03,4457326.18,1964802.58,3512,593
2023-08-04,4867340.699999999,2214057.68,3573,608
2023-08-05,4553480.07,2029230.1099999999,3497,612
2023-08-06,4738902.15,2046552.29,3833,653
2023-08-07,4559738.59,1993789.29,3546,628
2023-08-08,4368621.07,1882544.24,3483,601
2023-08-09,4164807.75,1831447.3900000001,3524,598
2023-08-10,4606279.07,2041382.94,3544,589
2023-08-11,4467870.25,1926265.21,3511,599
2023-08-12,5097066.49,2291037.35,3867,663
2023-08-13,4603929.79,2043288.6600000001,3728,654
2023-08-14,4438817.9399999995,1901089.12,3486,605
2023-08-15,4475262.85,1931929.48,3655,660
2023-08-16,4147481.77,1745656.97,3505,607
2023-08-17,4278276.78,1922570.38,3286,544
2023-08-18,4229504.42,1826983.95,3399,590
2023-08-19,4652586.3,2051600.96,3734,632
2023-08-20,4686008.77,2058258.0,3880,653
2023-08-21,4629793.76,2036145.01,3551,591
2023-08-22,4190139.65,1833084.86,3446,593
2023-08-23,4503298.72,1969616.49,3650,635
2023-08-24,4313234.34,1891697.78,3476,613
2023-08-25,4635977.32,2089420.12,3768,628
2023-08-26,4971895.58,2234226.73,3791,659
2023-08-27,4397535.95,2017032.71,3545,604
2023-08-28,4344584.91,1878063.99,3495,603
2023-08-29,4047333.84,1765588.19,3401,603
2023-08-30,4045404.69,1758278.11,3555,608
2023-08-31,4533793.39,1983327.76,3756,627
2023-09-01,4390993.38,1889841.51,3378,583
2023-09-02,4909997.07,2189900.9699999997,4022,689
2023-09-03,4744276.49,2103631.8,3807,640
2023-09-04,4655599.34,2043676.85,3722,631
2023-09-05,4869875.02,2213793.24,3797,632
2023-09-06,4541710.11,1970547.2,3612,623
2023-09-07,4149930.63,1822280.22,3413,619
2023-09-08,4944411.37,2148266.82,3829,640
2023-09-09,4593021.8100000005,2006003.78,3585,612
2023-09-10,4214206.86,1792202.51,3565,590
2023-09-11,4376311.23,1891439.75,3653,646
2023-09-12,4401096.76,1981954.85,3785,658
2023-09-13,4516117.48,1955396.68,3801,643
2023-09-14,4484852.46,1921541.66,3912,642
2023-09-15,4226587.44,1885059.15,3445,598
2023-09-16,5096445.58,2259904.55,3887,645
2023-09-17,4380494.06,1877220.2,3663,638
2023-09-18,4540999.56,2034535.5,3581,619
2023-09-19,4915747.2,2162609.24,3845,659
2023-09-20,4516052.78,1959262.34,3640,618
2023-09-21,4915392.16,2157936.8,3852,650
2023-09-22,4490637.859999999,1939831.77,3659,631
2023-09-23,4501303.83,1924597.59,3788,672
2023-09-24,4299489.22,1881082.22,3527,616
2023-09-25,4358944.37,1902301.8599999999,3575,606
2023-09-26,4615452.94,2047730.6600000001,3786,624
2023-09-27,4240756.89,1837239.38,3662,641
2023-09-28,4143062.36,1823265.93,3563,631
2023-09-29,4095672.42,1791231.65,3430,601
2023-09-30,4167029.06,1823291.95,3518,617
2023-10-01,4028212.45,1730096.86,3326,560
2023-10-02,5031963.33,2214952.67,3802,647
2023-10-03,4121042.05,1771154.4,3417,594
2023-10-04,3925328.96,1757012.58,3515,601
2023-10-05,4265945.21,1914148.05,3370,581
2023-10-06,4226401.1,1858856.24,3455,592
2023-10-07,4709854.0600000005,2056657.53,3590,624
2023-10-08,4415293.16,1877459.29,3693,637
2023-10-09,3982593.7,1750968.77,3290,581
2023-10-10,4645349.5200000005,2089090.44,3730,645
2023-10-11,4476497.4,1901009.6099999999,3529,604
2023-10-12,4021167.33,1757228.3900000001,3232,565
2023-10-13,4862274.58,2157767.83,3655,641
2023-10-14,4333935.59,1868362.5,3516,623
2023-10-15,4540541.8100000005,1969658.59,3724,628
2023-10-16,4156808.9699999997,1815314.83,3400,603
2023-10-17,4706251.2299999995,2052985.85,3750,632
2023-10-18,4325099.63,1841198.54,3575,648
2023-10-19,4530785.12,2013767.6,3697,637
2023-10-20,4673048.42,2032013.4100000001,3719,640
2023-10-21,4480213.74,1983660.17,3618,634
2023-10-22,4528311.75,2005292.85,3668,615
2023-10-23,4215283.38,1849062.93,3493,591
2023-10-24,4779393.98,2113985.54,3678,639
2023-10-25,4750308.890000001,2090576.9,3714,635
2023-10-26,4329358.25,1827567.34,3726,642
2023-10-27,4619794.27,2055713.6400000001,3506,596
2023-10-28,4670857.88,2061452.83,3510,609
2023-10-29,4524306.92,1977409.6400000001,3675,667
2023-10-30,4636511.4399999995,1962777.26,3843,634
2023-10-31,4249569.140000001,1857465.99,3618,604
2023-11-01,4714450.0600000005,2095992.1199999999,3740,612
2023-11-02,4347848.38,1876406.02,3591,596
2023-11-03,4548644.57,1987919.21,3817,669
2023-11-04,4160535.19,1822617.42,3499,586
2023-11-05,4360416.18,1877280.24,3525,601
2023-11-06,4830607.35,2093756.18,3597,623
2023-11-07,4334831.23,1928656.53,3636,627
2023-11-08,4408067.4399999995,1920553.01,3715,636
2023-11-09,4919995.56,2115415.88,3709,612
2023-11-10,4688917.22,2051306.04,3908,671
2023-11-11,4235668.74,1858011.95,3516,605
2023-11-12,4016148.13,1737475.79,3385,608
2023-11-13,4960042.25,2184171.79,3857,645
2023-11-14,3696269.0700000003,1554722.04,3141,564
2023-11-15,4337720.15,1849920.2000000002,3476,589
2023-11-16,4736942.34,2030888.92,3837,673
2023-11-17,4620161.12,2056728.45,3653,633
2023-11-18,4777415.16,2089364.0899999999,3826,658
2023-11-19,4466043.5600000005,2014367.1400000001,3570,603
2023-11-20,4704581.59,2071249.83,3624,629
2023-11-21,4989597.55,2201889.91,3908,660
2023-11-22,4741047.98,2042977.47,3732,657
2023-11-23,4657141.96,2081499.58,3727,635
2023-11-24,4120368.7600000002,1747174.42,3390,599
2023-11-25,4384882.37,1906951.38,3542,616
2023-11-26,4262497.38,1904862.58,3489,600
2023-11-27,4304142.73,1919280.38,3564,613
2023-11-28,4862403.640000001,2191424.21,3702,666
2023-11-29,4035168.12,1728789.3,3365,570
2023-11-30,4459767.17,1942484.21,3739,629
2023-12-01,4536915.19,1948452.01,3550,592
2023-12-02,4857023.6,2116804.6,3966,697
2023-12-03,4319604.02,1934218.86,3461,596
2023-12-04,4859645.58,2091991.73,3828,650
2023-12-05,4300485.99,1858434.4,3425,601
2023-12-06,4210657.64,1846787.06,3411,597
2023-12-07,4362376.11,1887782.2,3582,600
2023-12-08,4817323.54,2101269.5700000003,3818,649
2023-12-09,3967584.21,1729934.57,3676,650
2023-12-10,4621515.91,2048756.0,3558,625
2023-12-11,3947206.19,1721931.1600000001,3356,584
2023-12-12,4822855.61,2125917.39,3848,643
2023-12-13,4521763.43,1968539.58,3596,603
2023-12-14,4613119.109999999,2013366.9,3793,656
2023-12-15,4298917.3,1885800.16,3514,625
2023-12-16,5106384.95,2273609.33,3883,664
2023-12-17,3964748.88,1714198.72,3317,577
2023-12-18,4951140.21,2219783.03,3860,657
2023-12-19,4988123.0,2155376.24,3875,664
2023-12-20,4735373.44,1973144.97,3894,642
2023-12-21,4336444.82,1877619.1400000001,3608,606
2023-12-22,4527757.97,1953470.29,3654,634
2023-12-23,4470338.37,1996044.54,3554,646
2023-12-24,4260761.67,1868567.78,3524,603
2023-12-25,4285661.3100000005,1844279.45,3504,621
2023-12-26,5085440.34,2177717.25,3954,669
2023-12-27,4836919.91,2112828.7199999997,3658,637
2023-12-28,4683143.39,2073494.1800000002,3667,627
2023-12-29,4363033.23,1906465.1099999999,3556,602
2023-12-30,4745829.67,2100327.84,3702,617
2023-12-31,4272795.93,1889615.28,3316,586
2024-01-01,3877853.24,1667843.32,3373,608
2024-01-02,4479465.07,1969389.38,3400,567
2024-01-03,4280199.03,1870449.74,3541,612
2024-01-04,4442202.71,1970773.55,3502,612
2024-01-05,4543860.6,1932697.51,3613,619
2024-01-06,4614766.93,1985870.2,3559,646
2024-01-07,4313731.02,1846477.22,3454,586
2024-01-08,4701607.12,2100210.62,3772,633
2024-01-09,4738301.52,2137532.0,3673,617
2024-01-10,5108149.6,2307634.55,3823,630
2024-01-11,4944129.82,2160608.67,3658,630
2024-01-12,4381733.53,1901768.4,3514,595
2024-01-13,4514137.0,1970672.37,3694,615
2024-01-14,4432214.52,1995109.58,3679,623
2024-01-15,4237534.06,1813646.69,3498,620
2024-01-16,4204962.16,1850743.83,3433,587
2024-01-17,4465649.2,1956773.34,3738,656
2024-01-18,4555147.64,1934945.51,3592,632
2024-01-19,4765656.16,2099918.45,3806,646
2024-01-20,4827765.37,2113563.38,3689,627
2024-01-21,4569627.57,1987664.3,3826,647
2024-01-22,4539827.94,1979309.04,3519,598
2024-01-23,4105235.31,1773577.31,3445,611
2024-01-24,4610707.9399999995,1957850.74,3728,623
2024-01-25,4254246.5,1873545.71,3341,566
2024-01-26,4525868.68,2010436.36,3553,606
2024-01-27,4068202.31,1736527.8599999999,3289,582
2024-01-28,3931962.4299999997,1726487.88,3294,588
2024-01-29,3982675.61,1746159.32,3254,566
2024-01-30,4137787.56,1808835.48,3563,628
2024-01-31,4331465.79,1942348.1,3443,602
2024-02-01,4146001.29,1835418.98,3449,599
2024-02-02,4174447.25,1822950.21,3310,575
2024-02-03,4609150.63,2049504.92,3583,632
2024-02-04,4352556.64,1918439.8,3587,603
2024-02-05,4466832.65,1998537.31,3653,629
2024-02-06,4153576.16,1836078.8,3368,599
2024-02-07,4461327.05,1956100.25,3726,640
2024-02-08,3880789.4299999997,1713000.32,3206,578
2024-02-09,4292032.78,1874584.79,3570,601
2024-02-10,4855553.72,2178808.96,3695,636
2024-02-11,4797562.84,2120225.1,3643,610
2024-02-12,4874986.35,2164064.71,3668,625
2024-02-13,3990385.44,1749886.78,3316,597
2024-02-14,4359832.83,1883724.17,3592,616
2024-02-15,4727372.04,2082572.54,3747,666
2024-02-16,4126549.49,1806926.18,3283,615
2024-02-17,3976748.19,1685895.23,3590,617
2024-02-18,4455207.83,1951857.01,3665,647
2024-02-19,4489003.96,1989898.28,3607,626
2024-02-20,4446126.26,1920649.05,3951,671
2024-02-21,4436651.31,2006473.13,3409,609
2024-02-22,3974477.04,1736634.1,3381,609
2024-02-23,4418220.66,1921605.2,3610,612
2024-02-24,4769048.42,2016972.18,3808,640
2024-02-25,4323357.100000001,1923901.6400000001,3375,591
2024-02-26,4420025.78,1957527.27,3560,602
2024-02-27,4678717.92,2037712.11,3686,668
2024-02-28,4433345.529999999,1914946.4700000002,3475,596
2024-02-29,4182291.01,1835461.1600000001,3270,558
2024-03-01,4047522.06,1739077.75,3380,578
2024-03-02,4756448.37,2052040.21,3725,649
2024-03-03,4630722.52,1988809.8599999999,3825,652
2024-03-04,4569339.03,1994331.85,3664,619
2024-03-05,4248612.88,1895148.7799999998,3554,604
2024-03-06,4075046.77,1730532.64,3388,608
2024-03-07,3988670.38,1750805.04,3446,585
2024-03-08,4212854.470000001,1880369.02,3412,603
2024-03-09,4080691.93,1829833.24,3231,566
2024-03-10,4330571.73,1936129.3,3738,641
2024-03-11,4494348.43,2042722.8,3325,589
2024-03-12,3992562.39,1752796.28,3312,580
2024-03-13,5050996.82,2160170.4,3745,638
2024-03-14,4267881.47,1847440.6,3576,633
2024-03-15,4372053.8,1875907.65,3540,597
2024-03-16,4634592.32,1992269.52,3683,639
2024-03-17,4160903.55,1825380.75,3509,615
2024-03-18,4355968.55,1919356.93,3613,626
2024-03-19,4296618.8100000005,1837652.25,3373,618
2024-03-20,4270591.0200000005,1846529.37,3573,622
2024-03-21,4533678.300000001,1950618.78,3872,666
2024-03-22,4070922.48,1728354.4100000001,3348,605
2024-03-23,4116440.68,1821188.38,3488,607
2024-03-24,4697277.85,2088698.26,3672,630
2024-03-25,4665778.46,2037127.31,3650,621
2024-03-26,4183650.85,1819192.57,3496,610
2024-03-27,4201284.15,1864690.53,3322,579
2024-03-28,4515276.01,2009696.9700000002,3470,594
2024-03-29,4336650.95,1946978.7,3535,611
2024-03-30,4637264.08,2101551.67,3692,615
2024-03-31,4086683.42,1783870.2,3618,612
2024-04-01,4913575.88,2199633.23,3683,620
2024-04-02,4049217.7800000003,1735797.8900000001,3358,600
2024-04-03,4386842.0,1919194.7999999998,3660,638
2024-04-04,4731094.58,2111202.5,3665,621
2024-04-05,4223807.74,1895808.3,3388,560
2024-04-06,5028392.27,2242553.73,3781,645
2024-04-07,4095082.5,1813646.91,3469,599
2024-04-08,4130468.48,1793948.13,3406,588
2024-04-09,4889686.66,2115082.68,3707,622
2024-04-10,4614193.65,2042382.29,3577,615
2024-04-11,4689192.06,2080849.92,3805,664
2024-04-12,4267447.84,1842147.75,3589,623
2024-04-13,4161221.21,1837710.26,3388,597
2024-04-14,4600008.4,1991300.31,3501,625
2024-04-15,4147453.36,1773934.1600000001,3539,610
2024-04-16,4441172.49,1964470.81,3619,638
2024-04-17,4163297.0700000003,1792954.48,3419,604
2024-04-18,4897695.18,2154008.11,3887,681
2024-04-19,4463619.6899999995,1958529.23,3681,637
2024-04-20,4176193.63,1776556.64,3392,577
2024-04-21,4252157.26,1869504.09,3457,623
2024-04-22,4000355.14,1750951.54,3291,566
2024-04-23,4308995.14,1882525.65,3453,606
2024-04-24,4363431.17,1932423.38,3493,606
2024-04-25,4277325.78,1911358.0899999999,3332,598
2024-04-26,4065328.29,1738528.03,3420,584
2024-04-27,4498160.99,2058386.04,3527,633
2024-04-28,3963838.19,1699976.03,3281,576
2024-04-29,4348626.05,1920652.92,3557,602
2024-04-30,4637629.11,2048240.69,3476,603
2024-05-01,4322285.6899999995,1894905.0699999998,3577,617
2024-05-02,4453555.91,1893491.53,3618,621
2024-05-03,4618170.95,2047040.33,3617,614
2024-05-04,4359217.0600000005,1913860.0,3563,617
2024-05-05,4394771.93,1973880.1400000001,3440,574
2024-05-06,4806292.32,2175915.33,3759,645
2024-05-07,4071312.4,1808232.05,3403,599
2024-05-08,4705692.2,2078227.63,3867,658
2024-05-09,4756274.55,2089110.12,3719,634
2024-05-10,4189881.69,1786896.34,3461,608
2024-05-11,4327438.3100000005,1849569.0,3624,603
2024-05-12,4531422.09,1981276.74,3468,601
2024-05-13,4232832.45,1833126.74,3415,606
2024-05-14,4758621.83,2064511.5899999999,3764,637
2024-05-15,3805715.4,1658885.98,3354,580
2024-05-16,4049752.8,1766292.42,3449,602
2024-05-17,4547179.6899999995,1956044.81,3717,622
2024-05-18,4503393.95,2003621.21,3643,648
2024-05-19,4083352.51,1793415.76,3622,619
2024-05-20,4620669.41,1997841.2,3695,631
2024-05-21,4308286.66,1856499.1,3529,606
2024-05-22,4511038.17,1969492.93,3657,631
2024-05-23,4510286.38,1997945.29,3607,623
2024-05-24,4532283.75,1973869.88,3738,642
2024-05-25,4173609.5,1873436.51,3502,604
2024-05-26,4341418.33,1858080.96,3457,614
2024-05-27,4016039.39,1711435.51,3657,628
2024-05-28,4434949.71,1991154.59,3620,625
2024-05-29,4418390.35,1915330.6500000001,3593,619
2024-05-30,4403510.51,1918626.54,3635,607
2024-05-31,4378211.72,1974970.15,3421,590
2024-06-01,4705734.15,2085648.42,3752,618
2024-06-02,4459663.1899999995,1964602.33,3861,662
2024-06-03,4612456.46,2014713.1099999999,3809,637
2024-06-04,4392357.24,1953877.58,3535,604
2024-06-05,4322046.85,1872402.8699999999,3501,616
2024-06-06,4203867.76,1759257.98,3451,613
2024-06-07,4161587.77,1807239.27,3484,601
2024-06-08,4908271.33,2174070.3,3945,657
2024-06-09,4586709.98,2000880.85,3614,602
2024-06-10,4675957.72,2096800.53,3702,644
2024-06-11,4491763.91,1925995.61,3520,597
2024-06-12,4299991.98,1908789.5899999999,3198,571
2024-06-13,4664249.15,2066736.41,3697,622
2024-06-14,4375024.41,1946905.16,3584,625
2024-06-15,3926618.19,1665675.33,3422,606
2024-06-16,4691918.8,2090876.97,3534,611
2024-06-17,4118933.55,1818876.5,3424,601
2024-06-18,4386647.5,1936660.71,3741,626
2024-06-19,4283038.35,1905820.11,3497,610
2024-06-20,4214803.96,1866463.79,3674,629
2024-06-21,4876457.49,2160911.54,3784,646
2024-06-22,4734321.05,2125472.27,3529,623
2024-06-23,4314796.0,1884363.41,3395,584
2024-06-24,4563276.9399999995,1963555.03,3605,634
2024-06-25,4944416.42,2181831.95,3792,646
2024-06-26,4356856.91,1891079.85,3513,613
2024-06-27,4310987.97,1886702.69,3347,580
2024-06-28,4436686.24,1910652.8199999998,3564,622
2024-06-29,4341445.44,1873804.42,3566,628
2024-06-30,4146095.27,1838182.47,3435,613
2024-07-01,4612491.34,2010635.69,3498,606
2024-07-02,4455056.81,1970478.8599999999,3553,631
2024-07-03,4357526.8,1935545.1400000001,3577,610
2024-07-04,4553460.2,1996452.4000000001,3586,615
2024-07-05,4828095.0600000005,2106281.93,3806,621
2024-07-06,4352385.74,1871277.89,3580,610
2024-07-07,4565999.25,1969811.98,3647,619
2024-07-08,4598114.83,2039082.76,3546,594
2024-07-09,4805195.95,2107811.0300000003,3674,616
2024-07-10,4538575.09,1975352.42,3714,618
2024-07-11,4514061.0,1891055.33,3739,621
2024-07-12,4637633.53,1986778.72,3669,649
2024-07-13,4499390.67,1922823.76,3672,632
2024-07-14,4415452.14,1976050.02,3472,590
2024-07-15,4526099.44,1925317.46,3773,664
2024-07-16,4927622.28,2143903.34,3781,649
2024-07-17,4536119.42,2014609.65,3597,638
2024-07-18,4114321.83,1785270.3900000001,3416,613
2024-07-19,4546271.94,1983324.69,3611,629
2024-07-20,4156736.06,1821284.65,3413,593
2024-07-21,4622660.1,2046431.83,3678,629
2024-07-22,4930671.33,2232187.7800000003,3915,650
2024-07-23,4757676.03,2089714.4300000002,3780,647
2024-07-24,4772963.32,2032121.75,3767,640
2024-07-25,4018614.4299999997,1748979.76,3690,638
2024-07-26,4675550.21,2020129.3,3830,648
2024-07-27,4357583.52,1869765.42,3623,616
2024-07-28,4245546.9,1888375.1400000001,3437,592
2024-07-29,4423189.23,1956228.41,3411,601
2024-07-30,4307169.97,1878061.9,3558,583
2024-07-31,4650400.640000001,2025210.75,3707,623
2024-08-01,4368692.58,1897897.74,3423,590
2024-08-02,4167029.64,1814473.94,3658,623
2024-08-03,4020477.18,1712328.06,3297,581
2024-08-04,4333284.54,1869047.4,3371,594
2024-08-05,4445475.23,1872743.8,3662,618
2024-08-06,4412320.11,1943625.73,3579,611
2024-08-07,4807876.75,2142136.9,3579,621
2024-08-08,4299735.03,1883268.4,3436,609
2024-08-09,4141003.0300000003,1794958.72,3422,598
2024-08-10,4463496.42,2005582.5899999999,3525,599
2024-08-11,4978068.62,2167553.14,4047,689
2024-08-12,4180940.4699999997,1821116.25,3621,613
2024-08-13,4404091.16,1914318.91,3721,641
2024-08-14,4749943.49,2109757.31,3896,661
2024-08-15,4547112.18,2005245.13,3832,656
2024-08-16,4444727.6,1923069.85,3787,667
2024-08-17,4141573.45,1756230.53,3482,585
2024-08-18,4282204.68,1820230.7,3516,590
2024-08-19,3791755.0700000003,1611778.7,3280,581
2024-08-20,5047759.890000001,2240436.22,3778,629
2024-08-21,4603694.65,1981162.91,3791,637
2024-08-22,4293000.7,1889565.03,3591,614
2024-08-23,4400352.93,1951091.57,3509,618
2024-08-24,4493773.92,1946875.71,3637,646
2024-08-25,4028859.3,1820119.01,3340,559
2024-08-26,4372728.89,1914481.81,3621,632
2024-08-27,4591018.54,1991233.69,3799,640
2024-08-28,4439810.45,1906663.14,3513,597
2024-08-29,4858124.6,2111784.69,3773,638
2024-08-30,4641361.43,2022855.63,3623,608
2024-08-31,4303074.02,1872860.6400000001,3431,588
2024-09-01,3997347.0700000003,1727013.98,3366,592
2024-09-02,4181202.73,1837149.96,3543,604
2024-09-03,4303354.55,1900377.6800000002,3348,590
2024-09-04,4369430.3100000005,1930605.49,3418,605
2024-09-05,4588250.59,2028647.9000000001,3739,627
2024-09-06,4898133.78,2161798.15,4047,684
2024-09-07,4757722.46,2133791.92,3531,597
2024-09-08,4952664.6,2175205.4299999997,4046,685
2024-09-09,4350091.27,1873879.1600000001,3423,578
2024-09-10,4470081.24,1911428.54,3618,618
2024-09-11,4588714.28,2048027.6199999999,3555,641
2024-09-12,4314021.27,1858403.46,3512,619
2024-09-13,4448448.28,1938117.54,3738,643
2024-09-14,4304449.46,1851968.94,3559,607
2024-09-15,4618571.74,2038246.76,3702,637
2024-09-16,4786651.14,2127998.72,3653,646
2024-09-17,4347172.1,1929062.47,3607,636
2024-09-18,4050588.55,1744914.3,3399,578
2024-09-19,4536165.49,2027870.48,3345,584
2024-09-20,4686051.2299999995,2095020.32,3577,605
2024-09-21,4444709.65,1951746.88,3748,643
2024-09-22,5179609.8100000005,2299455.04,3940,675
2024-09-23,5015446.13,2230831.25,3775,653
2024-09-24,4418929.43,1926431.91,3403,587
2024-09-25,4554855.4,2015903.66,3644,610
2024-09-26,5115134.58,2280397.67,3942,655
2024-09-27,4546897.98,1998335.84,3610,612
2024-09-28,4680866.72,2068821.41,3762,633
2024-09-29,4616867.18,2015921.26,3597,618
2024-09-30,4075924.42,1780236.45,3236,582
2024-10-01,4152547.3099999996,1852606.7,3499,620
2024-10-02,4628450.4,2032947.52,3667,609
2024-10-03,4490049.14,1960765.88,3594,603
2024-10-04,4619178.35,1973280.55,3693,636
2024-10-05,4400941.35,1936865.8399999999,3501,621
2024-10-06,4763170.36,2112067.23,3732,617
2024-10-07,4631312.699999999,2050118.15,3646,625
2024-10-08,4270178.93,1905894.19,3450,623
2024-10-09,4557686.8,1956441.6,3695,625
2024-10-10,4598028.99,2048673.53,3581,610
2024-10-11,4535447.76,2055379.76,3605,622
2024-10-12,4220148.74,1831882.04,3411,594
2024-10-13,4493876.49,1950332.35,3734,635
2024-10-14,4220945.54,1871422.69,3363,593
2024-10-15,4080536.29,1769282.08,3463,597
2024-10-16,4636254.39,2038058.95,3647,620
2024-10-17,4221662.55,1835725.91,3537,624
2024-10-18,4323044.94,1852619.13,3575,595
2024-10-19,4395722.15,1923605.1400000001,3557,606
2024-10-20,4868857.62,2122309.76,3835,648
2024-10-21,4503684.76,1935240.43,3560,643
2024-10-22,4450349.03,1937086.4300000002,3807,656
2024-10-23,4062695.98,1781782.49,3405,584
2024-10-24,4589557.399999999,2063104.22,3560,622
2024-10-25,4588604.73,1989190.04,3745,640
2024-10-26,4851828.42,2079839.58,3843,623
2024-10-27,4950758.11,2170048.43,3953,666
2024-10-28,4066104.06,1772001.55,3444,593
2024-10-29,4179422.3,1811194.99,3445,608
2024-10-30,4507487.55,1991857.31,3670,637
2024-10-31,4486214.18,1965448.81,3648,622
2024-11-01,4376378.28,1914759.72,3424,585
2024-11-02,4876026.34,2096507.35,3751,652
2024-11-03,4067707.27,1815805.65,3332,605
2024-11-04,4242816.68,1828480.37,3726,650
2024-11-05,4508662.84,1964064.31,3670,633
2024-11-06,4164646.65,1858210.9300000002,3495,580
2024-11-07,4261567.15,1861680.78,3412,589
2024-11-08,4461895.97,1936165.8,3642,637
2024-11-09,4306125.46,1869057.37,3420,584
2024-11-10,4391811.3,1941185.8,3459,599
2024-11-11,4322776.89,1871772.05,3435,590
2024-11-12,4298340.03,1881152.55,3639,636
2024-11-13,4352370.09,1901580.87,3546,627
2024-11-14,4333561.16,1831383.43,3677,612
2024-11-15,4568780.66,2002547.13,3676,609
2024-11-16,4656342.3,1996663.06,3875,639
2024-11-17,4543797.9,1952047.48,3641,635
2024-11-18,4514543.22,1964707.3199999998,3668,616
2024-11-19,4559429.37,2014718.55,3896,651
2024-11-20,4254328.34,1852074.27,3201,568
2024-11-21,4261725.37,1794147.5899999999,3525,622
2024-11-22,4284833.72,1868084.65,3774,638
2024-11-23,4298997.22,1882153.67,3592,613
2024-11-24,4208777.3,1870634.76,3467,600
2024-11-25,4654027.53,1985035.01,3832,639
2024-11-26,4381458.16,1937888.52,3617,619
2024-11-27,4772230.97,2152232.7,3406,564
2024-11-28,4664442.58,2024881.3399999999,3671,616
2024-11-29,4515565.22,1928103.23,3583,596
2024-11-30,4534182.0,2040204.23,3599,612
2024-12-01,4320086.86,1904671.1,3650,588
2024-12-02,4719747.29,2076128.89,3859,645
2024-12-03,4640550.04,2075867.6,3717,606
2024-12-04,4362543.86,1873882.54,3651,627
2024-12-05,4185652.9000000004,1823677.17,3476,582
2024-12-06,3846714.48,1695103.61,3492,594
2024-12-07,4102293.34,1847447.52,3538,613
2024-12-08,4662325.89,2045637.6600000001,3740,626
2024-12-09,4185517.1100000003,1834408.8800000001,3199,555
2024-12-10,4470552.38,1969748.1400000001,3479,616
2024-12-11,4375478.47,1885242.35,3639,601
2024-12-12,4615008.029999999,2014350.54,3703,645
2024-12-13,4405594.08,1966013.8399999999,3586,590
2024-12-14,4471359.26,1955248.51,3756,621
2024-12-15,4038724.83,1759820.03,3357,574
2024-12-16,4421333.73,1964931.56,3529,607
2024-12-17,4359702.97,1902358.03,3419,592
2024-12-18,4897765.62,2159323.91,3610,617
2024-12-19,5241422.88,2318272.7,3881,647
2024-12-20,4311740.93,1902099.95,3532,616
2024-12-21,4073605.93,1814816.82,3370,585
2024-12-22,4325298.96,1862321.48,3599,599
2024-12-23,4203943.72,1807804.49,3510,614
2024-12-24,4032705.0700000003,1720039.4,3518,624
2024-12-25,4175712.9,1770075.04,3522,600
2024-12-26,4434934.17,1913282.45,3660,625
2024-12-27,4618343.91,2000855.37,3535,614
2024-12-28,4103544.25,1785077.36,3449,602
2024-12-29,4472015.28,1928292.97,3648,608
2024-12-30,4150298.83,1762460.06,3484,611
2024-12-31,4526440.97,1973273.22,3752,652
2025-01-01,4624283.47,2078028.73,3790,641
2025-01-02,4392742.65,1941833.1400000001,3617,614
2025-01-03,4859912.27,2150663.55,3840,633
2025-01-04,4269033.5,1870447.8,3393,589
2025-01-05,4368059.32,1880740.1,3661,618
2025-01-06,4066005.7199999997,1777502.46,3249,588
2025-01-07,4717950.12,2085007.39,3667,627
2025-01-08,4055773.9299999997,1785731.1099999999,3597,617
2025-01-09,4002876.16,1735957.42,3481,614
2025-01-10,4362628.39,1907623.48,3628,597
2025-01-11,4975348.800000001,2220406.84,3864,629
2025-01-12,4382727.37,1875732.1199999999,3455,581
2025-01-13,4634261.09,2036255.3599999999,3465,611
2025-01-14,4857349.46,2137632.89,3758,638
2025-01-15,4669982.43,2106516.84,3760,670
2025-01-16,4301541.76,1905415.4100000001,3523,599
2025-01-17,4149198.06,1797075.56,3354,578
2025-01-18,4492296.05,1932920.21,3756,643
2025-01-19,4042697.54,1752941.06,3417,584
2025-01-20,4601763.62,1992141.47,3748,659
2025-01-21,3897535.52,1704832.46,3356,583
2025-01-22,4237895.92,1817646.51,3583,629
2025-01-23,4946227.48,2153559.09,3785,639
2025-01-24,4342279.87,1940499.3399999999,3707,656
2025-01-25,5019528.71,2269816.56,3898,665
2025-01-26,4344630.609999999,1946061.76,3603,625
2025-01-27,4757466.51,2120839.86,3744,625
2025-01-28,4579485.51,1986654.37,3634,613
2025-01-29,3987314.7199999997,1716355.83,3524,610
2025-01-30,4528804.7299999995,2014826.47,3435,602
2025-01-31,4604160.41,1988707.58,3490,595
2025-02-01,4505629.26,2005571.6600000001,3662,607
2025-02-02,4302956.99,1857335.29,3556,629
2025-02-03,4761014.62,2117855.46,3764,651
2025-02-04,4276933.02,1831065.06,3513,616
2025-02-05,4610226.15,2028012.19,3704,618
2025-02-06,4475192.4,1954624.15,3515,608
2025-02-07,4388894.73,1924620.31,3675,624
2025-02-08,4418775.92,1950201.95,3690,629
2025-02-09,4281686.51,1773838.33,3529,609
2025-02-10,4307835.49,1961079.35,3530,609
2025-02-11,4023784.66,1766235.56,3320,581
2025-02-12,4572027.779999999,2022400.73,3825,675
2025-02-13,5005462.88,2239722.2199999997,3789,636
2025-02-14,4230021.86,1845504.05,3665,628
2025-02-15,4461646.84,1980758.23,3500,615
2025-02-16,4798588.970000001,2127407.58,3563,641
2025-02-17,4766388.100000001,2081656.47,3916,652
2025-02-18,4467938.84,1895255.04,3644,612
2025-02-19,4787592.88,2070778.2,3766,619
2025-02-20,4509037.4399999995,2040417.79,3373,589
2025-02-21,4192946.02,1823673.7,3413,618
2025-02-22,5269844.0,2341708.99,4027,683
2025-02-23,4552042.13,2007156.04,3880,665
2025-02-24,4610922.01,2038052.83,3642,613
2025-02-25,4258062.27,1855390.85,3678,611
2025-02-26,4223394.7,1860083.53,3379,573
2025-02-27,4459014.07,1993624.65,3603,629
2025-02-28,4268819.390000001,1811924.63,3514,637
2025-03-01,4575139.3100000005,1989462.3699999999,3911,660
2025-03-02,4503687.39,1999576.97,3600,612
2025-03-03,4438217.34,1946970.04,3733,624
2025-03-04,4359583.07,1902700.31,3499,594
2025-03-05,4624360.49,2014777.43,3575,602
2025-03-06,4367374.54,1933020.3599999999,3403,576
2025-03-07,4261095.46,1851930.7200000002,3506,607
2025-03-08,4836170.17,2116092.79,3644,629
2025-03-09,4127237.1100000003,1831077.88,3362,597
2025-03-10,4558824.32,2010437.99,3577,612
2025-03-11,4397183.63,1925898.3599999999,3581,575
2025-03-12,4651282.2,2043945.44,3707,604
2025-03-13,4109962.4000000004,1860431.52,3203,563
2025-03-14,4439945.75,1986722.75,3498,610
2025-03-15,4245973.0600000005,1860764.0,3471,592
2025-03-16,4972476.07,2143383.61,3915,654
2025-03-17,4318080.640000001,1904394.87,3748,637
2025-03-18,4214333.54,1834432.97,3457,597
2025-03-19,4238801.77,1814170.61,3634,654
2025-03-20,4223133.21,1879619.49,3514,603
2025-03-21,4672970.41,2028236.68,3740,643
2025-03-22,5227575.34,2328555.89,4096,682
2025-03-23,4622513.42,1979407.77,3721,619
2025-03-24,4491045.54,1929087.3,3537,605
2025-03-25,4641177.93,2046070.27,3630,632
2025-03-26,4367797.88,1862381.84,3504,608
2025-03-27,4788268.58,2129532.52,3641,618
2025-03-28,4526436.87,2061756.79,3635,636
2025-03-29,4269446.7,1894906.41,3614,628
2025-03-30,4536332.92,2001595.46,3449,594
2025-03-31,4614677.29,2057227.53,3531,614
2025-04-01,4038830.7199999997,1751112.8,3459,614
2025-04-02,4259183.1,1895479.15,3484,621
2025-04-03,4467236.59,1990200.77,3543,599
2025-04-04,4361120.38,1868283.47,3716,620
2025-04-05,4343719.31,1852616.1400000001,3744,649
2025-04-06,4936478.99,2188282.14,3797,643
2025-04-07,4736021.41,2063154.99,3624,614
2025-04-08,4184243.16,1826632.08,3672,652
2025-04-09,4303459.78,1857419.04,3546,620
2025-04-10,4649336.0,2007573.23,3759,607
2025-04-11,4206674.32,1870150.15,3423,608
2025-04-12,4132902.89,1794818.6,3384,608
2025-04-13,4311312.2700000005,1882461.73,3665,627
2025-04-14,4308252.32,1885750.1600000001,3530,611
2025-04-15,4516971.25,2008473.9500000002,3558,631
2025-04-16,3995326.44,1686050.29,3565,630
2025-04-17,4026670.6,1764345.54,3382,623
2025-04-18,4578118.1899999995,2042440.83,3607,615
2025-04-19,4282196.26,1894015.22,3708,629
2025-04-20,4112375.09,1803243.16,3273,580
2025-04-21,4311211.49,1851378.01,3588,604
2025-04-22,4261335.5,1862071.6400000001,3267,569
2025-04-23,4666890.56,1998928.8599999999,3636,626
2025-04-24,4492925.5600000005,1998502.6300000001,3536,618
2025-04-25,4711528.2,2040442.13,3753,654
2025-04-26,4540813.4,2030364.51,3813,660
2025-04-27,4324896.41,1839831.72,3424,592
2025-04-28,4530929.73,1947981.82,3798,664
2025-04-29,4420275.21,1979614.73,3387,609
2025-04-30,4873407.8,2121357.3,3911,653
2025-05-01,5070741.29,2186363.58,3786,631
2025-05-02,4553198.22,2009401.25,3595,613
2025-05-03,4600990.569999999,1995200.7999999998,3754,630
2025-05-04,4237764.45,1855920.9300000002,3472,606
2025-05-05,4254440.74,1837982.43,3560,599
2025-05-06,4332849.82,1877200.49,3630,630
2025-05-07,4351891.63,1962767.38,3461,600
2025-05-08,4970313.0200000005,2227897.0300000003,3834,664
2025-05-09,4179490.99,1827854.26,3382,605
2025-05-10,4257319.75,1928080.65,3519,611
2025-05-11,4332310.29,1882508.3900000001,3657,654
2025-05-12,4806291.68,2090306.35,3804,636
2025-05-13,4116383.45,1795827.77,3466,586
2025-05-14,4833875.720000001,2158599.8,3659,630
2025-05-15,4418936.06,1946774.23,3546,654
2025-05-16,4376172.609999999,1862346.68,3686,640
2025-05-17,4217394.66,1892329.05,3433,589
2025-05-18,4432363.7,1920521.61,3667,636
2025-05-19,4372499.51,1895301.18,3534,594
2025-05-20,4432427.49,1934535.21,3606,638
2025-05-21,4394800.35,1978385.71,3559,630
2025-05-22,4396609.8,1805366.12,3556,628
2025-05-23,4709832.67,2093967.76,3843,641
2025-05-24,4873592.53,2101391.62,3700,631
2025-05-25,4510688.03,2049823.47,3500,585
2025-05-26,4745703.43,2029603.58,3500,623
2025-05-27,4536080.71,1995654.51,3501,598
2025-05-28,4563322.22,2005464.4,3543,616
2025-05-29,4877330.88,2171387.16,3536,608
2025-05-30,4058143.27,1779668.34,3524,608
2025-05-31,4648075.33,2040831.47,3677,615
2025-06-01,3687935.18,1578750.54,3400,597
2025-06-02,4594822.32,1938223.92,3633,625
2025-06-03,4379292.08,1873164.65,3611,625
2025-06-04,3964432.6,1732321.06,3558,619
2025-06-05,4465083.27,1956390.38,3511,604
2025-06-06,4417159.06,1965999.64,3505,590
2025-06-07,4777729.37,2108706.0300000003,3860,634
2025-06-08,4664696.12,2056918.07,3923,667
2025-06-09,4257002.57,1830955.05,3404,606
2025-06-10,4630533.47,2081520.15,3617,615
2025-06-11,4992354.4,2167649.63,3772,637
2025-06-12,4834282.86,2104518.42,3769,632
2025-06-13,4654110.78,2054195.02,3602,628
2025-06-14,4298935.52,1828383.7,3718,639
2025-06-15,4429761.4,2006331.97,3641,632
2025-06-16,4262105.850000001,1835688.98,3372,594
2025-06-17,4250905.3,1880779.52,3467,597
2025-06-18,4895295.73,2134678.46,3721,627
2025-06-19,4375482.83,1953693.27,3511,604
2025-06-20,3857494.2399999998,1652935.79,3239,562
2025-06-21,4279034.6,1896999.52,3397,610
2025-06-22,4745193.04,2072433.1600000001,3562,595
2025-06-23,4609331.37,1986469.1600000001,3807,637
2025-06-24,4658402.14,2044147.49,3684,644
2025-06-25,4336193.85,1878476.16,3614,615
2025-06-26,4304301.81,1917131.66,3550,623
2025-06-27,4259371.74,1803034.05,3609,655
2025-06-28,4484461.66,1911638.7,3683,662
2025-06-29,4409149.29,1941260.55,3429,585
2025-06-30,4381521.3,1924904.67,3641,627
2025-07-01,4429757.38,1919315.42,3564,620
2025-07-02,4571868.59,1975744.49,3605,615
2025-07-03,4408991.52,1886858.76,3689,635
2025-07-04,4503245.9,1932423.0899999999,3544,602
2025-07-05,4295552.2,1856646.37,3613,612
2025-07-06,4430872.75,1929065.8,3587,624
2025-07-07,4113136.2199999997,1769353.56,3508,613
2025-07-08,4650371.52,2056474.67,3631,621
2025-07-09,4681307.99,2073347.83,3804,671
2025-07-10,4788321.79,2074985.63,3757,640
2025-07-11,4410025.91,1957973.93,3512,615
2025-07-12,4307291.58,1946393.46,3502,602
2025-07-13,4646484.9399999995,2029337.59,3611,604
2025-07-14,4491186.68,1942769.03,3681,641
2025-07-15,4416358.78,1965965.53,3524,568
2025-07-16,4598079.48,2068247.9100000001,3498,605
2025-07-17,4066922.8499999996,1757645.72,3557,612
2025-07-18,4691013.97,2018736.3399999999,3734,642
2025-07-19,4329515.26,1906459.14,3724,640
2025-07-20,4486043.12,2013735.87,3528,609
2025-07-21,4383331.47,1933772.54,3587,621
2025-07-22,4403046.26,1903441.53,3740,642
2025-07-23,4341061.1,1857868.38,3595,636
2025-07-24,4299217.16,1843430.58,3436,606
2025-07-25,4593358.8,2015473.7000000002,3828,639
2025-07-26,4922688.92,2114218.89,3832,651
2025-07-27,5087132.91,2218278.08,3944,672
2025-07-28,4291981.18,1883205.4,3601,609
2025-07-29,3971396.6100000003,1745535.53,3297,593
2025-07-30,4214938.55,1827063.26,3318,577
2025-07-31,4562455.49,2071003.6800000002,3591,621
2025-08-01,4573674.1,2066455.38,3412,604
2025-08-02,4502239.01,2026907.66,3475,606
2025-08-03,3904300.42,1674762.98,3368,600
2025-08-04,4573417.12,1986460.31,3631,634
2025-08-05,4468061.94,1979703.22,3686,598
2025-08-06,4720822.85,2051047.82,3847,651
2025-08-07,4639068.68,2016955.71,3701,667
2025-08-08,4365651.01,1952567.27,3658,618
2025-08-09,4208594.67,1831319.59,3507,612
2025-08-10,4586176.140000001,1939962.45,3819,666
2025-08-11,4391072.9,1930038.3900000001,3574,602
2025-08-12,4170685.67,1814756.86,3594,646
2025-08-13,4667673.08,2054390.99,3561,623
2025-08-14,4149791.88,1798773.81,3211,547
2025-08-15,4426786.3100000005,1905683.21,3661,624
2025-08-16,5072747.6,2261221.6500000004,3874,670
2025-08-17,4879479.78,2169840.32,3870,616
2025-08-18,4770875.54,2051895.26,3666,641
2025-08-19,4550948.22,1968944.4,3682,633
2025-08-20,4698250.81,2004671.59,3743,640
2025-08-21,4170356.9899999998,1875095.9,3479,584
2025-08-22,4261051.17,1831825.55,3390,608
2025-08-23,4219336.46,1770638.57,3438,591
2025-08-24,4222460.36,1818072.72,3632,624
2025-08-25,4733825.73,2155135.84,3647,611
2025-08-26,4449808.22,1978121.79,3581,618
2025-08-27,5190079.28,2303491.83,4173,698
2025-08-28,4191106.05,1787018.55,3400,561
2025-08-29,4539386.02,2021121.7999999998,3318,589
2025-08-30,4447821.03,1954628.56,3567,610
2025-08-31,4304807.09,1930561.93,3466,566
2025-09-01,4923306.57,2105026.77,4063,673
2025-09-02,5125902.12,2214438.49,3999,660
2025-09-03,4220199.86,1849126.96,3411,589
2025-09-04,4616249.72,2014675.01,3819,653
2025-09-05,4608760.109999999,2108627.65,3563,612
2025-09-06,4280600.53,1886159.08,3755,618
2025-09-07,4652654.63,2029389.82,3818,662
2025-09-08,4215432.59,1839185.34,3685,628
2025-09-09,4353777.2700000005,1837217.4,3691,598
2025-09-10,3997394.41,1734142.1199999999,3419,609
2025-09-11,4435170.47,1947453.3199999998,3617,639
2025-09-12,4538348.4,2017798.9,3612,600
2025-09-13,4682911.97,2051376.55,3678,629
2025-09-14,4260208.51,1894902.21,3555,615
2025-09-15,4522114.9,1976570.8699999999,3596,598
2025-09-16,4555934.08,2020670.23,3706,634
2025-09-17,4830962.32,2092904.6,3783,635
2025-09-18,4347005.12,1913980.93,3461,601
2025-09-19,4527294.48,2058267.5899999999,3707,626
2025-09-20,4439707.3100000005,1936638.77,3716,645
2025-09-21,4736966.39,2097451.24,3620,620
2025-09-22,4371784.5200000005,1920165.27,3642,658
2025-09-23,4257403.49,1865520.45,3524,606
2025-09-24,3933582.95,1768448.05,3248,594
2025-09-25,4549293.8,1977289.4,3667,643
2025-09-26,4294467.91,1927103.94,3432,585
2025-09-27,5008984.49,2211427.26,3830,642
2025-09-28,4402911.05,1943154.93,3424,605
2025-09-29,4233068.08,1876977.54,3377,607
2025-09-30,3720899.25,1587072.94,3341,604
2025-10-01,4850873.61,2121841.67,3698,601
2025-10-02,4519810.71,2049870.19,3581,602
2025-10-03,4482637.22,1950988.48,3685,638
2025-10-04,4810571.640000001,2106503.67,3776,636
2025-10-05,3682849.85,1613328.78,3297,570
2025-10-06,4217704.25,1869953.49,3460,599
2025-10-07,4582416.15,2012378.0,3608,632
2025-10-08,4627494.33,1952947.16,3712,634
2025-10-09,4555805.3100000005,1973570.18,3811,640
2025-10-10,4386967.38,1959512.94,3666,628
2025-10-11,4156438.37,1815455.5999999999,3479,602
2025-10-12,5060845.93,2296199.55,3915,664
2025-10-13,4907098.8,2150762.3,3804,629
2025-10-14,4111501.89,1812020.68,3358,625
2025-10-15,4494363.7,1963838.53,3585,602
2025-10-16,4143257.44,1814002.22,3558,611
2025-10-17,4862464.99,2162676.19,3771,645
2025-10-18,4320820.22,1884860.32,3556,611
2025-10-19,4162180.34,1835172.77,3593,614
2025-10-20,4735690.3,2100469.2199999997,3763,618
2025-10-21,4031202.7800000003,1739287.77,3438,618
2025-10-22,4527238.74,1961229.29,3641,617
2025-10-23,4513460.88,1995519.77,3602,615
2025-10-24,4786036.359999999,2097459.84,3673,614
2025-10-25,4432144.92,1974213.47,3480,589
2025-10-26,4603376.91,1958279.55,3729,637
2025-10-27,4234975.4,1847415.15,3589,619
2025-10-28,4334586.34,1931141.79,3595,621
2025-10-29,4414701.1899999995,1961019.91,3620,613
2025-10-30,4407625.92,1964724.31,3399,590
2025-10-31,4344569.09,1875542.3800000001,3737,622
2025-11-01,4325155.029999999,1863728.1400000001,3571,590
2025-11-02,4592128.68,2005405.08,3693,622
2025-11-03,4518205.97,1956403.01,3767,644
2025-11-04,4587199.93,2007591.15,3785,628
2025-11-05,4356746.07,1896595.99,3539,599
2025-11-06,4565232.87,2047877.84,3508,607
2025-11-07,4620867.29,2011584.75,3717,639
2025-11-08,5005844.66,2196136.64,3755,641
2025-11-09,4253210.84,1867756.96,3405,598
2025-11-10,4730350.31,2093631.97,3708,606
2025-11-11,4623284.43,2013227.8599999999,3674,613
2025-11-12,4449218.41,1927003.56,3768,638
2025-11-13,4179835.86,1815548.28,3407,582
2025-11-14,4453641.1,2002207.96,3678,649
2025-11-15,5294723.92,2343277.81,4086,693
2025-11-16,4661063.54,2046121.9,3751,634
2025-11-17,4252642.79,1848065.84,3553,618
2025-11-18,4667519.42,2064642.52,3800,651
2025-11-19,4356328.7700000005,1946505.9300000002,3369,615
2025-11-20,4100261.38,1825156.26,3609,633
2025-11-21,4843636.89,2122693.19,3898,649
2025-11-22,4031159.02,1771890.84,3561,601
2025-11-23,4468030.01,1901080.9,3547,618
2025-11-24,4465291.3100000005,1934969.95,3758,645
2025-11-25,4841988.82,2102506.66,3977,646
2025-11-26,4635256.72,1989250.0,3729,624
2025-11-27,4641329.02,2057449.19,3718,630
2025-11-28,4475722.21,1996575.8599999999,3446,610
2025-11-29,4479254.24,1992995.03,3690,643
2025-11-30,4364482.46,1915095.85,3644,628
2025-12-01,4912220.59,2166073.34,3925,665
2025-12-02,4293893.37,1858806.49,3494,608
2025-12-03,4537921.859999999,1944488.73,3636,610
2025-12-04,4910058.19,2188387.2,3971,652
2025-12-05,4768617.100000001,2169060.51,3681,634
2025-12-06,4526136.73,2020879.4300000002,3581,612
2025-12-07,4617887.44,2067384.53,3818,655
2025-12-08,5063137.35,2203138.73,3998,676
2025-12-09,5010555.19,2175032.73,3938,681
2025-12-10,4482061.4399999995,1983597.71,3585,611
2025-12-11,4548402.66,2043198.8599999999,3598,619
2025-12-12,4569979.83,2021240.96,3797,634
2025-12-13,4782929.140000001,2076426.48,3804,659
2025-12-14,4196664.07,1879053.28,3498,622
2025-12-15,4381484.07,1880033.02,3469,593
2025-12-16,4059944.49,1827697.53,3323,566
2025-12-17,4378044.36,1925918.8599999999,3606,629
2025-12-18,4449421.68,1902757.8399999999,3790,648
2025-12-19,4773803.65,2109063.67,3784,638
2025-12-20,4491412.27,1987702.88,3517,598
2025-12-21,4334897.72,1924635.71,3450,576
2025-12-22,4488099.65,1934079.49,3710,653
2025-12-23,4472929.82,1923117.1099999999,3618,600
2025-12-24,4865204.29,2098606.94,3703,628
2025-12-25,4355258.31,1922449.33,3625,629
2025-12-26,4848013.1899999995,2216747.56,3830,646
2025-12-27,4723286.390000001,2086693.73,3614,627
2025-12-28,4398215.77,1940142.58,3511,593
2025-12-29,4827804.84,2174383.12,3710,632
2025-12-30,4431769.45,1917450.7,3478,589
2025-12-31,4432024.74,1853983.1,3587,617
2026-01-01,4608121.58,2085276.7,3471,612
2026-01-02,4585765.99,2021990.42,3739,655
2026-01-03,4417581.89,1950406.87,3697,658
2026-01-04,3957625.35,1695290.06,3323,572
2026-01-05,4770660.08,2088123.74,3734,629
2026-01-06,4712316.19,2051368.05,3798,643
2026-01-07,4556019.41,1972645.8599999999,3670,632
2026-01-08,4216357.83,1864088.26,3251,551
2026-01-09,4491022.64,1913072.58,3527,609
2026-01-10,4051458.74,1820414.35,3378,594
2026-01-11,5285662.24,2327952.9299999997,3906,660
2026-01-12,4264811.17,1853359.14,3538,597
2026-01-13,4290037.3,1868102.0,3513,595
2026-01-14,4358298.18,1938862.79,3420,591
2026-01-15,4181250.9299999997,1810942.94,3506,608
2026-01-16,4269465.79,1863411.34,3449,577
2026-01-17,4059247.09,1767636.4,3177,576
2026-01-18,4383605.5600000005,1937590.38,3308,569
2026-01-19,4785548.7299999995,2120829.5,3600,599
2026-01-20,3812953.62,1671864.6099999999,3182,565
2026-01-21,4307984.58,1853288.29,3619,617
2026-01-22,4677004.23,2057894.85,3545,639
2026-01-23,4507514.65,1948967.4,3723,630
2026-01-24,4544134.4,2003902.78,3549,620
2026-01-25,4275136.23,1822006.2,3495,594
2026-01-26,4301661.71,1919453.78,3619,596
2026-01-27,4170909.73,1798046.0,3364,622
2026-01-28,4610281.74,2015149.19,3652,619
2026-01-29,4034732.35,1720532.17,3334,582
2026-01-30,4724079.39,2116249.43,3576,619
2026-01-31,4476669.13,1939038.2,3462,622
2026-02-01,4308788.8,1843149.22,3633,644
2026-02-02,5007915.41,2187410.46,3993,665
2026-02-03,4225910.8,1830398.68,3710,655
2026-02-04,4580752.52,2002229.1500000001,3469,589
2026-02-05,4794589.49,2134299.95,3506,606
2026-02-06,4716354.65,2034729.7,3909,666
2026-02-07,4035642.99,1753031.09,3334,592
2026-02-08,4677301.15,2083005.49,3566,631
2026-02-09,4011772.0700000003,1764704.75,3224,547
2026-02-10,4224866.45,1831808.86,3342,583
2026-02-11,4456155.28,1947220.8599999999,3665,627
2026-02-12,4639669.89,2047010.51,3698,632
2026-02-13,4342156.34,1900449.6400000001,3533,622
2026-02-14,4660883.33,2032981.04,3815,630
2026-02-15,4370260.41,1886634.58,3530,618
2026-02-16,4347959.73,1929396.42,3515,605
2026-02-17,4509827.93,1927480.98,3720,662
2026-02-18,4023959.62,1763167.63,3271,568
2026-02-19,4317825.3,1927801.96,3491,629
2026-02-20,4440802.26,2011799.66,3762,650
2026-02-21,4516898.6899999995,2024056.4899999998,3459,597
2026-02-22,4661169.62,2101050.9899999998,3621,637
2026-02-23,4468888.38,1932694.66,3609,600
2026-02-24,4371647.41,1888926.93,3615,635
2026-02-25,4442358.85,1903765.5,3642,622
2026-02-26,4418031.66,1862091.04,3668,622
2026-02-27,4071174.66,1823333.83,3363,580
2026-02-28,4497234.92,2004312.35,3393,578
2026-03-01,4417962.65,1894112.16,3430,601
2026-03-02,4205965.62,1883222.37,3212,570
2026-03-03,4728487.44,2113188.15,3680,645
2026-03-04,4798716.31,2101132.06,3743,648
2026-03-05,4572029.109999999,1966912.17,3727,632
2026-03-06,4916290.12,2188739.92,3853,641
2026-03-07,4501823.91,1964110.79,3620,625
2026-03-08,5263061.73,2337925.48,3884,657
2026-03-09,4375029.2,1950745.77,3575,623
2026-03-10,4524194.64,1925825.85,3783,649
2026-03-11,4605833.75,1951517.54,3800,657
2026-03-12,4379454.92,1929018.36,3493,604
2026-03-13,4607778.81,2034040.5899999999,3676,659
2026-03-14,4415441.22,1924369.6400000001,3401,586
2026-03-15,4071889.2600000002,1795674.78,3329,597
2026-03-16,4699773.32,2094582.5899999999,3786,636
2026-03-17,4302740.14,1870149.45,3528,628
2026-03-18,4371059.63,1882586.8,3394,597
2026-03-19,4243451.02,1878049.3199999998,3589,640
2026-03-20,4585544.73,2003690.19,3803,632
2026-03-21,4590195.9399999995,2003706.9,3585,626
2026-03-22,4247302.14,1865148.95,3491,598
2026-03-23,4345543.98,1921552.23,3311,572
2026-03-24,4672532.0,2036494.3,3742,626
2026-03-25,4293024.12,1971262.39,3346,608
2026-03-26,4564382.619999999,1959942.35,3642,610
2026-03-27,4343115.46,1891711.98,3331,579
2026-03-28,4688402.52,2028067.46,3629,635
2026-03-29,4486029.36,1976554.03,3574,623
2026-03-30,4778856.6899999995,2080343.25,3870,668
2026-03-31,4849622.6,2130813.6,3723,612
2026-04-01,4251432.16,1863760.94,3759,640
2026-04-02,4108703.7,1810645.88,3407,595
2026-04-03,4382982.37,1950798.17,3262,565
2026-04-04,4864176.16,2137245.38,3730,629
2026-04-05,4495301.97,1972920.92,3431,601
2026-04-06,4644573.26,2113083.27,3463,594
2026-04-07,4158703.8,1769119.98,3434,578
2026-04-08,4351043.72,1977714.05,3498,604
2026-04-09,4136266.4699999997,1823376.96,3556,602
2026-04-10,4868946.07,2226314.65,3700,630
2026-04-11,4134342.94,1862727.92,3389,590
2026-04-12,4492308.35,1953931.88,3359,574
2026-04-13,4302795.55,1890170.24,3672,621
2026-04-14,4512867.95,2007268.46,3526,612
2026-04-15,4083387.41,1805194.98,3519,573
2026-04-16,4150711.02,1803982.21,3424,586
2026-04-17,4587590.25,2025598.82,3802,620
2026-04-18,4910494.23,2161187.84,3895,673
2026-04-19,4374489.82,1867566.71,3602,623
2026-04-20,4053505.14,1706629.51,3411,580
2026-04-21,4099615.88,1792595.3399999999,3600,613
2026-04-22,4553024.25,2019431.8800000001,3611,630
2026-04-23,4287045.37,1845603.31,3555,588
2026-04-24,4529922.37,2012563.2,3630,633
2026-04-25,4134519.36,1820894.1,3456,603
2026-04-26,4698041.18,2102119.11,3745,624
2026-04-27,4529000.4799999995,1960773.63,3599,633
2026-04-28,4609153.57,2029836.66,3453,616
2026-04-29,4353793.46,1906430.97,3752,635
2026-04-30,5022832.02,2210703.72,3898,652
2026-05-01,4185096.4699999997,1813368.22,3605,616
2026-05-02,4599302.79,2024229.1099999999,3699,646
2026-05-03,4585959.21,1993008.45,3654,609
2026-05-04,4501594.85,1987220.63,3704,628
2026-05-05,4395210.33,1910884.67,3292,602
2026-05-06,4646536.899999999,1981320.48,3547,620
2026-05-07,4456769.83,1925682.94,3538,612
2026-05-08,4189750.79,1799742.6300000001,3591,602
2026-05-09,4816866.77,2091796.27,3728,656
2026-05-10,4496925.39,1978044.03,3656,642
2026-05-11,4537343.18,1974755.21,3541,626
2026-05-12,4645314.26,2001919.82,3763,625
2026-05-13,4577345.359999999,1971991.95,3537,620
2026-05-14,4636337.75,2011736.8,3752,639
2026-05-15,4462818.38,1918514.43,3732,619
2026-05-16,4971041.57,2181014.49,3898,662
2026-05-17,4454225.3100000005,1952271.53,3773,650
2026-05-18,4473418.67,2003119.29,3793,647
2026-05-19,4736652.07,2161048.25,3687,641
2026-05-20,5153235.38,2318690.7199999997,3940,665
2026-05-21,4706938.26,2022450.53,3698,645
2026-05-22,3911997.56,1643196.1,3385,574
2026-05-23,4593047.13,1985287.47,3698,631
2026-05-24,4342538.67,1903188.07,3458,609
2026-05-25,4554434.58,2002430.75,3605,639
2026-05-26,4394794.11,1900777.6600000001,3687,616
2026-05-27,4330626.16,1835905.53,3731,616
2026-05-28,4211510.31,1835244.67,3234,571
2026-05-29,4911828.3100000005,2130637.92,3942,634
2026-05-30,4264965.96,1867831.32,3453,619
2026-05-31,4372577.45,1949788.21,3600,643
